id,line,func,var,title_hint,color_hint
EMB-001,790,notify_admins,embed,"f""⚠️  {title}""",color
EMB-002,2143,create_lobby_embed,embed,"f""✦ Free Fire — {mode.upper()} Lobby""",0xFFD700
EMB-003,2232,create_profile_embed,embed,,rank_color
EMB-004,2341,update_leaderboard_channel,embed,"""◆ Free Fire — Top 10 Players""","COLORS[""leaderboard""]"
EMB-005,2448,update_blacklist_channel,embed,"""🔇  Blacklisted Players""","COLORS[""warning""] if blacklisted else COLORS[""success""]"
EMB-006,2678,_auto_hide_idle_lobby_embed,closed_embed,"""⏰  Lobby Closed — Not Enough Players""","COLORS[""warning""]"
EMB-007,3034,auto_trigger_vote,mvp_embed,"f""🗳️  تصويت MVP الجماعي — Match `#{lobby_id}`""","COLORS[""vote""]"
EMB-008,3121,auto_lobby_timeout,timeout_embed,"""⏰  Lobby Timed Out""","COLORS[""warning""]"
EMB-009,3259,process_match_result,embed,"f""🏅 Match Result — `#{lobby_id}`""","COLORS[""success""]"
EMB-010,3338,RoomInfoModal.on_submit,None,"""✅  Room Info Saved""","COLORS[""success""]"
EMB-011,3375,JoinKeyModal.on_submit,None,"""❌  Wrong Key""","COLORS[""error""]"
EMB-012,3413,ReportReasonModal.on_submit,None,"""⚠️  بلغت من قبل""","COLORS[""warning""]"
EMB-013,3423,ReportReasonModal.on_submit,report_embed,"""⚠️  تم تسجيل البلاغ""","COLORS[""warning""] if remaining > 0 else COLORS[""error""]"
EMB-014,3530,ReportButtonView.report_btn,None,"""⚠️  اختر اللاعب المُبلَّغ عنه""","COLORS[""error""]"
EMB-015,3611,LobbyButtonsView.cancel_game_btn,None,"""🛡️ Match Cancelled""","COLORS[""error""]"
EMB-016,3654,LobbyButtonsView._handle_join,ban_embed,"""🚫  أنت محظور من اللعب""","COLORS[""error""]"
EMB-017,3684,LobbyButtonsView._handle_join,None,"""⏳  Join a Waiting Room""","COLORS[""warning""]"
EMB-018,3703,LobbyButtonsView._handle_join,None,"""⏳  Wrong Voice Channel""","COLORS[""warning""]"
EMB-019,3717,LobbyButtonsView._handle_join,None,"""⏳  Pending Match""","COLORS[""warning""]"
EMB-020,3765,LobbyButtonsView._complete_join,room_embed,"""ℹ️ Room Info""","COLORS[""auto""]"
EMB-021,3819,LobbyButtonsView._complete_join,None,"""❌  Failed to Start""","COLORS[""error""]"
EMB-022,3833,LobbyButtonsView._complete_join,None,"""✅  Match Ready!""","COLORS[""success""]"
EMB-023,3870,LobbyButtonsView._complete_join,room_embed,"""ℹ️ Room Info""","COLORS[""auto""]"
EMB-024,3882,LobbyButtonsView._complete_join,start_embed,"""📻 Match Started!""","COLORS[""auto""]"
EMB-025,3923,LobbyButtonsView._complete_join,report_embed,"""⚠️  نظام البلاغ""","COLORS[""error""]"
EMB-026,4001,StartVoteView.start_vote_btn,None,"""⏳  لم يحن وقت التصويت بعد""","COLORS[""warning""]"
EMB-027,4050,StartVoteView.cancel_match_btn,vote_embed,"""🗳️ تصويت إلغاء الماتش""","COLORS[""warning""]"
EMB-028,4061,StartVoteView._execute_cancel,cancelled_embed,"""🛡️ Match Cancelled""","COLORS[""error""]"
EMB-029,4203,MvpSelectionView._try_apply,None,"""✅  تم تطبيق النقاط!""","COLORS[""success""]"
EMB-030,4404,escalate_mvp_dispute,embed,"f""🚨 تعذّر الاتفاق على MVP — الماتش `#{lobby_id}`""","COLORS[""error""]"
EMB-031,4579,MvpVoteView._guard_voter,None,"""⛔  ما أنت من المصوّنين""","COLORS[""error""]"
EMB-032,4651,MvpVoteView.status_callback,None,"f""📊  حالة تصويت MVP — ماتش `#{self.lobby_id}`""","COLORS[""info""]"
EMB-033,4671,MvpVoteView.tag_admin_callback,None,"""⚠️  تم طلب تدخل الأدمن""","COLORS[""warning""]"
EMB-034,4786,MvpVoteView._apply,None,"""✅  تم الاتفاق على MVP!""","COLORS[""success""]"
EMB-035,4965,process_match_result_with_mvps,embed,"f""🏅 Match Result — `#{lobby_id}`""","COLORS[""success""]"
EMB-036,5060,VoteView.on_timeout,no_votes_embed,"""⏰ Vote Ended — No Votes!""","COLORS[""warning""]"
EMB-037,5097,VoteView.on_timeout,tie_embed,"""⏰  Vote Tied!""","COLORS[""warning""]"
EMB-038,5125,VoteView.on_timeout,vote_close_embed,"""⏰  Vote Closed!""","COLORS[""success""]"
EMB-039,5146,VoteView.on_timeout,mvp_embed,"""🎯  اختر MVP كل فريق""","COLORS[""vote""]"
EMB-040,5222,VoteView._handle_vote,None,,"COLORS[""vote""]"
EMB-041,5238,VoteView._handle_vote,tie_embed,"""⏰  Vote Tied!""","COLORS[""warning""]"
EMB-042,5266,VoteView._handle_vote,vote_complete_embed,"""✅  Vote Complete!""","COLORS[""success""]"
EMB-043,5290,VoteView._handle_vote,mvp_embed,"""🎯  اختر MVP كل فريق""","COLORS[""vote""]"
EMB-044,5333,CreateLobbyView.create_lobby_btn,None,"""⏳  انتهت صلاحية الرسالة""","COLORS[""warning""]"
EMB-045,5407,LobbyCreateModal.on_submit,None,"""✅  Lobby Created!""","COLORS[""success""]"
EMB-046,5543,on_command_error,None,"""⏳  Cooldown""","COLORS[""warning""]"
EMB-047,5552,on_command_error,None,"""🔇  أنت في البلاك ليست""","COLORS[""error""]"
EMB-048,5562,on_command_error,None,"""❌  No Permission""","COLORS[""error""]"
EMB-049,5636,send_success,success_embed,"""✅ AUTO-DETECT Complete""","COLORS[""success""]"
EMB-050,6134,on_message,None,"""📡  الأوامر داخل السيرفر فقط""","COLORS[""info""]"
EMB-051,6172,on_message,None,"""❌  Not Allowed Here""","COLORS[""error""]"
EMB-052,6196,create_mode_lobby,ban_embed,"""🚫  أنت محظور من اللعب""","COLORS[""error""]"
EMB-053,6217,create_mode_lobby,None,"""❌  Not Allowed Here""","COLORS[""error""]"
EMB-054,6230,create_mode_lobby,None,"""⏳  Must Be in a Waiting Room""","COLORS[""warning""]"
EMB-055,6245,create_mode_lobby,None,"""⏳  Wrong Voice Channel""","COLORS[""warning""]"
EMB-056,6257,create_mode_lobby,None,"""❌  Already in Lobby""","COLORS[""error""]"
EMB-057,6284,create_mode_lobby,None,"f""🎮  Create  {mode.upper()}  Lobby""","COLORS[""info""]"
EMB-058,6323,play_cmd,no_mode_embed,"""❌  أمر غير صحيح""","COLORS[""error""]"
EMB-059,6352,play_cmd,invalid_mode_embed,"""❌  مود غير صحيح""","COLORS[""error""]"
EMB-060,6382,play_cmd,restricted_embed,"""🔒  أمر محمي""","COLORS[""error""]"
EMB-061,6417,play1v1_cmd,restricted_embed,"""🔒  أمر محمي""","COLORS[""error""]"
EMB-062,6477,points_cmd,embed,"f""💰  نقاط اللاعب""",rank_color
EMB-063,6542,top_cmd,None,"""🏆  Leaderboard""","COLORS[""leaderboard""]"
EMB-064,6552,top_cmd,embed,"""🏆  Free Fire  —  Top 10 Leaderboard""","COLORS[""leaderboard""]"
EMB-065,6586,leave_cmd,None,"""❌  Not in Lobby""","COLORS[""error""]"
EMB-066,6600,leave_cmd,None,"""🗑️  Lobby Cancelled""","COLORS[""warning""]"
EMB-067,6612,leave_cmd,None,"""✅  Left Lobby""","COLORS[""success""]"
EMB-068,6625,matches_cmd,None,"""🎮  Active Lobbies""","COLORS[""info""]"
EMB-069,6634,matches_cmd,embed,"""🎮  Active Lobbies""","COLORS[""match""]"
EMB-070,6661,mylevel_cmd,embed,"f""{rank_emoji}  RANK  —  {target.display_name}""",rank_color
EMB-071,6693,myrank_cmd,embed,"""📝  Your Rank""","COLORS[""profile""]"
EMB-072,6717,fixrank_cmd,None,"""🔱  Server Owner""","COLORS[""warning""]"
EMB-073,6729,fixrank_cmd,None,"""🔧  Rank Applied""","COLORS[""success""]"
EMB-074,6741,matchinfo_cmd,None,"""❌  Missing ID""","COLORS[""error""]"
EMB-075,6752,matchinfo_cmd,None,"""❌  Not Found""","COLORS[""error""]"
EMB-076,6760,matchinfo_cmd,embed,"f""📋  Match  —  `#{lobby_id}`""","COLORS[""info""]"
EMB-077,6786,build_rules_embed,embed,"""🛡️  قواعد السيرفر""","COLORS[""warning""]"
EMB-078,6923,setup_cmd,setup_embed,"""✅  Setup Complete!""","COLORS[""success""]"
EMB-079,6945,autosetup_cmd,progress_embed,"""🔄  جارٍ فحص السيرفر...""","COLORS[""warning""]"
EMB-080,6962,autosetup_cmd,success_embed,"""✅  تم الفحص والإصلاح!""","COLORS[""success""]"
EMB-081,6984,autosetup_cmd,error_embed,"""❌  فشل Auto-setup""","COLORS[""error""]"
EMB-082,7007,cleanup_cmd,None,"""🧹  Cleanup Complete!""","COLORS[""success""]"
EMB-083,7034,scan_cmd,embed,"f""🔍  Server Scan  —  `{len(categories)}`  Categories""","COLORS[""info""]"
EMB-084,7095,deletecat_cmd,None,"""❌  Missing Name""","COLORS[""error""]"
EMB-085,7120,deletecat_cmd,None,"""❌  Not Found""","COLORS[""error""]"
EMB-086,7135,deletecat_cmd,confirm_embed,"""⚠️  Confirm Deletion""","COLORS[""warning""]"
EMB-087,7154,confirmcat_cmd,None,"""❌  Missing Name""","COLORS[""error""]"
EMB-088,7171,confirmcat_cmd,None,"""❌  Not Found""","COLORS[""error""]"
EMB-089,7197,confirmcat_cmd,None,"""🗑️  Category Deleted!""","COLORS[""success""]"
EMB-090,7208,confirmcat_cmd,None,"""⚠️  Partial Delete""","COLORS[""warning""]"
EMB-091,7222,fixrankall_cmd,None,"""🚀  Applying Ranks...""","COLORS[""warning""]"
EMB-092,7239,fixrankall_cmd,None,"""✅  Done!""","COLORS[""success""]"
EMB-093,7254,botinfo_cmd,embed,"""🤖 Bot Info""","COLORS[""info""]"
EMB-094,7303,setcommandschannel_cmd,None,"""✅  Channel Removed""","COLORS[""success""]"
EMB-095,7312,setcommandschannel_cmd,None,"""✅  Channel Added""","COLORS[""success""]"
EMB-096,7326,setleaderboard_cmd,None,"""✅  Leaderboard Set""","COLORS[""success""]"
EMB-097,7344,report_cmd,None,"""❌  Missing User""","COLORS[""error""]"
EMB-098,7354,report_cmd,None,"""❌  لا يمكنك البلاغ عن نفسك""","COLORS[""error""]"
EMB-099,7360,report_cmd,None,"""❌  لا يمكنك البلاغ عن بوت""","COLORS[""error""]"
EMB-100,7371,report_cmd,None,"""⚠️  بلغت من قبل""","COLORS[""warning""]"
EMB-101,7378,report_cmd,report_embed,"""⚠️  تم تسجيل البلاغ""","COLORS[""warning""] if remaining > 0 else COLORS[""error""]"
EMB-102,7413,reports_cmd,embed,"f""⚠️  بلاغات اللاعب  —  {target.display_name}""","COLORS[""error""] if count >= REPORT_THRESHOLD else COLORS[""warning""]"
EMB-103,7452,banplayer_cmd,None,"""❌  Missing User""","COLORS[""error""]"
EMB-104,7475,banplayer_cmd,ban_embed,"""🚫  تم حظر اللاعب""","COLORS[""error""]"
EMB-105,7497,unbanplayer_cmd,None,"""❌  Missing User""","COLORS[""error""]"
EMB-106,7506,unbanplayer_cmd,None,"""ℹ️  اللاعب غير محظور""","COLORS[""info""]"
EMB-107,7514,unbanplayer_cmd,unban_embed,"""✅  تم فك الحظر""","COLORS[""success""]"
EMB-108,7535,banned_cmd,embed,"""📋  قائمة المحظورين""","COLORS[""error""] if banned else COLORS[""success""]"
EMB-109,7576,setreportchannel_cmd,None,"""❌  Missing Voice Channel""","COLORS[""error""]"
EMB-110,7588,setreportchannel_cmd,None,"""❌  Not a Voice Channel""","COLORS[""error""]"
EMB-111,7600,setreportchannel_cmd,embed,"""🎤  فويسات التفتيش""","COLORS[""success""] if added else COLORS[""warning""]"
EMB-112,7624,removereportchannel_cmd,None,"""❌  Missing Voice Channel""","COLORS[""error""]"
EMB-113,7636,removereportchannel_cmd,embed,"""🗑️  حذف فويس التفتيش""","COLORS[""success""] if removed else COLORS[""warning""]"
EMB-114,7659,reportchannels_cmd,embed,"""📋  فويسات التفتيش المحددة""","COLORS[""info""]"
EMB-115,7763,jail_cmd,None,"""❌ Missing User""","COLORS[""error""]"
EMB-116,7767,jail_cmd,None,"""❌ اللاعب غير موجود في السيرفر""","COLORS[""error""]"
EMB-117,7781,jail_cmd,jail_embed,"""🔒  تم إرسال اللاعب للسجن""","COLORS[""error""]"
EMB-118,7788,jail_cmd,welcome,"""🔒  مرحباً بك في السجن""","COLORS[""warning""]"
EMB-119,7799,unjail_cmd,None,"""❌ Missing User""","COLORS[""error""]"
EMB-120,7803,unjail_cmd,None,"""ℹ️  اللاعب غير موجود""","COLORS[""info""]"
EMB-121,7810,unjail_cmd,unjail_embed,"""✅  تم فك السجن""","COLORS[""success""]"
EMB-122,7921,blacklist_cmd,None,"""❌  Missing User""","COLORS[""error""]"
EMB-123,7941,blacklist_cmd,None,"""❌  فشل""","COLORS[""error""]"
EMB-124,7947,blacklist_cmd,embed,"""🔇  تمت إضافة اللاعب للبلاك ليست""","COLORS[""warning""]"
EMB-125,7973,unblacklist_cmd,None,"""❌  Missing User""","COLORS[""error""]"
EMB-126,7985,unblacklist_cmd,embed,"""✅  تمت إزالة البلاك ليست""","COLORS[""success""]"
EMB-127,8010,blacklisted_cmd,embed,"""📋  قائمة البلاك ليست""","COLORS[""warning""] if blacklisted else COLORS[""success""]"
EMB-128,8057,winner_mvp_cmd,None,"""❌  Missing""","COLORS[""error""]"
EMB-129,8066,winner_mvp_cmd,None,"""❌  Lobby not active""","COLORS[""error""]"
EMB-130,8074,winner_mvp_cmd,None,"""❌  لاعب غير موجود في الماتش""","COLORS[""error""]"
EMB-131,8083,winner_mvp_cmd,None,"""✅  تم تعيين MVP WINNER""","COLORS[""success""]"
EMB-132,8098,loser_mvp_cmd,None,"""❌  Missing""","COLORS[""error""]"
EMB-133,8107,loser_mvp_cmd,None,"""❌  Lobby not active""","COLORS[""error""]"
EMB-134,8115,loser_mvp_cmd,None,"""❌  لاعب غير موجود في الماتش""","COLORS[""error""]"
EMB-135,8124,loser_mvp_cmd,None,"""✅  تم تعيين MVP LOSER""","COLORS[""success""]"
EMB-136,8149,_apply_admin_mvp,None,"""❌  MVP من نفس الفريق!""","COLORS.get(""danger"""
EMB-137,8156,_apply_admin_mvp,None,"""⚙️  جارٍ تطبيق النقاط...""","COLORS[""success""]"
EMB-138,8185,_apply_admin_mvp,None,"""❌  فشل تطبيق النقاط""","COLORS[""error""]"
EMB-139,8203,startvote_cmd,None,"""❌  Missing Lobby ID""","COLORS[""error""]"
EMB-140,8215,startvote_cmd,None,"""❌  Not Found""","COLORS[""error""]"
EMB-141,8222,startvote_cmd,None,"""❌  Not Active""","COLORS[""error""]"
EMB-142,8230,startvote_cmd,embed,"""🗳️  تم بدء التصويت!""","COLORS[""success""]"
EMB-143,8252,resolve_cmd,None,"""❌  Missing""","COLORS[""error""]"
EMB-144,8262,resolve_cmd,None,"""❌  Invalid""","COLORS[""error""]"
EMB-145,8272,resolve_cmd,None,"""❌  No Dispute""","COLORS[""error""]"
EMB-146,8280,resolve_cmd,None,"""⚖️  Resolved!""","COLORS[""success""]"
EMB-147,8295,resetstats_cmd,None,"""❌  Missing User""","COLORS[""error""]"
EMB-148,8308,resetstats_cmd,None,"""✅  Stats Reset""","COLORS[""success""]"
EMB-149,8325,resetrankall_cmd,progress_embed,"""🚀  جارٍ تصفير النقاط والرانك...""","COLORS[""warning""]"
EMB-150,8372,resetrankall_cmd,success_embed,"""✅  تم تصفير كل البيانات!""","COLORS[""success""]"
EMB-151,8402,setlevel_cmd,None,"""❌  Missing""","COLORS[""error""]"
EMB-152,8411,setlevel_cmd,None,"""❌  Invalid Level""","COLORS[""error""]"
EMB-153,8431,setlevel_cmd,None,"""✅  Level Updated""","COLORS[""success""]"
EMB-154,8444,setpoints_cmd,None,"""❌  Missing""","COLORS[""error""]"
EMB-155,8453,setpoints_cmd,None,"""❌  Invalid Points""","COLORS[""error""]"
EMB-156,8471,setpoints_cmd,None,"""✅  Points Updated""","COLORS[""success""]"
EMB-157,8491,syncnicknames_cmd,None,"""✅  Synced""","COLORS[""success""]"
EMB-158,8504,syncroles_cmd,None,"""🔄  جارٍ مزامنة الـ Roles...""","COLORS[""warning""]"
EMB-159,8518,syncroles_cmd,synced_embed,"""✅  تمت مزامنة الـ Roles!""","COLORS[""success""]"
EMB-160,8542,general_cmd,embed,"""🎮  Player Commands""",0xFF6B00
EMB-161,8594,help_cmd,embed1,"""🔥  Free Fire Bot v4.0  —  أوامر اللاعبين""",0xFF6B00
EMB-162,8639,help_cmd,embed2,"""🔧  Free Fire Bot v4.0  —  أوامر الأدمن""",0xE74C3C
EMB-163,8714,cloudbackup_cmd,embed,"""☁️ Cloud Backup""","COLORS[""error""]"
EMB-164,8726,cloudbackup_cmd,embed,"""☁️ Cloud Backup""",color
EMB-165,8740,cloudrestore_cmd,embed,"""☁️ Cloud Restore""","COLORS[""error""]"
EMB-166,8749,cloudrestore_cmd,embed,"""⚠️ Cloud Restore""","COLORS[""warning""]"
EMB-167,8774,cloudrestore_cmd,embed,"""☁️ Cloud Restore""",color
EMB-168,8803,cloudstatus_cmd,embed,"""☁️ Cloud Status""","COLORS[""info""]"
